episode,final_net_worth,total_reward,buy_count,sell_count,entropy_mean,value_loss_mean,explained_variance,grad_norm_mean
0,24715.521851433918,1.1374072645288975,473,473,-3.0443233966827394,0.11096236128360033,-8.824517250061035,0.4999993092376313
1,12673.264669920822,0.4230392003885828,482,459,-3.041735273599625,0.025356039719190447,-7.458834648132324,0.4999992529159775
2,3823.369239610266,-0.7587364118986293,466,479,-3.036478355526924,0.01161341771367006,-4.896570682525635,0.4999992469597449
3,12729.501808792267,0.4295945325130136,496,462,-3.0318970650434496,0.008691692445427179,-1.838855266571045,0.4999992498690191
