{
    "S_min": 11.29,
    "S_max": 102.0,
    "K_min": 0.01,
    "K_max": 128.01,
    "T_max": 2.1547619047619047,
    "moneyness_min": 0.18671999998506242,
    "moneyness_max": 2665.997334002666,
    "P_min": 0.01,
    "P_max": 75.0,
    "r": 0.1374999999999997
}