{
  "S_min": 4.2,
  "S_max": 130.0,
  "K_min": 4.656000000000001,
  "K_max": 117.00233333333334,
  "T_max": 1.0
}